{
    "version": 1,
    "objects": [
        {
            "itemname": "Repair_Workbench_Static",
            "position": [
                1411.947021484375,
                329.3429260253906,
                627.3990478515625
            ],
            "orientation": [
                425.7213134765625,
                0.0,
                0.0
            ],
            "scale": 1.0
        },
        {
            "itemname": "Repair_Workbench_Static",
            "position": [
                3695.32666015625,
                402.0,
                6004.73583984375
            ],
            "orientation": [
                517.4906616210938,
                0.0,
                0.0
            ],
            "scale": 1.0
        }
    ]
}