{
    "m_Version": 6,
    "m_DisplayName": "Under Altar",
    "Position": [
        1406.7454833984376,
        329.3342590332031,
        612.672607421875
    ],
    "Radius": 500.0,
    "BuyPricePercent": 100.0,
    "SellPricePercent": -1.0,
    "Stock": {}
}