{
    "ConfigVersion": 28,
    "ID": 1,
    "ObjectiveType": 6,
    "ObjectiveText": "TEST",
    "TimeLimit": -1,
    "Active": 1,
    "ShowDistance": 0,
    "ContainerName": "ExpansionQuestSeaChest",
    "DigInStash": 0,
    "MarkerName": "",
    "MarkerVisibility": 0,
    "Positions": [
        [
            2746.958008,
            27.0,
            1279.774170
        ],
        [
            2765.526611,
            30.5,
            1268.253174
        ],
        [
            2751.178223,
            30.5,
            1305.053101
        ],
        [
            2763.392822,
            30.5,
            1303.394897
        ],
        [
            2745.776367,
            34.0,
            1305.329834
        ],
        [
            2775.414063,
            34.0,
            1301.907349
        ],
        [
            2757.257324,
            34.0,
            1269.136108
        ],
        [
            2749.341553,
            34.0,
            1276.784546
        ]
    ],
    "LootItemsAmount": 0,
    "MaxDistance": 2.0,
    "Loot": [
        {
            "Name": "DNA_KeyCard_Blue",
            "Chance": 1.0,
            "Attachments": [],
            "QuantityPercent": 13,
            "Max": -1,
            "Min": 0,
            "Variants": []
        }
    ]
}